{
    "name": "root",
    "metadata": {
        "timer_format_version": "0.1.0",
        "start_time_seconds": "1639769670",
        "python_version": "3.9.7 (default, Sep 16 2021, 16:59:28) [MSC v.1916 64 bit (AMD64)]",
        "command_line_arguments": "C:\\Users\\woutv\\anaconda3\\envs\\mlagents\\Scripts\\mlagents-learn Player.yaml --run-id Test09",
        "mlagents_version": "0.27.0",
        "mlagents_envs_version": "0.27.0",
        "communication_protocol_version": "1.5.0",
        "pytorch_version": "1.7.1+cu110",
        "numpy_version": "1.21.4",
        "end_time_seconds": "1639769682"
    },
    "total": 11.5562759,
    "count": 1,
    "self": 0.004080499999998821,
    "children": {
        "run_training.setup": {
            "total": 0.07285030000000003,
            "count": 1,
            "self": 0.07285030000000003
        },
        "TrainerController.start_learning": {
            "total": 11.4793451,
            "count": 1,
            "self": 0.02285359999998171,
            "children": {
                "TrainerController._reset_env": {
                    "total": 4.4701773000000005,
                    "count": 1,
                    "self": 4.4701773000000005
                },
                "TrainerController.advance": {
                    "total": 6.940613500000017,
                    "count": 1384,
                    "self": 0.00889810000002722,
                    "children": {
                        "env_step": {
                            "total": 6.93171539999999,
                            "count": 1384,
                            "self": 3.1156448999999746,
                            "children": {
                                "SubprocessEnvManager._take_step": {
                                    "total": 3.806517499999986,
                                    "count": 1384,
                                    "self": 0.04344770000001308,
                                    "children": {
                                        "TorchPolicy.evaluate": {
                                            "total": 3.7630697999999727,
                                            "count": 1384,
                                            "self": 1.3005386999999686,
                                            "children": {
                                                "TorchPolicy.sample_actions": {
                                                    "total": 2.462531100000004,
                                                    "count": 1384,
                                                    "self": 2.462531100000004
                                                }
                                            }
                                        }
                                    }
                                },
                                "workers": {
                                    "total": 0.009553000000029677,
                                    "count": 1383,
                                    "self": 0.0,
                                    "children": {
                                        "worker_root": {
                                            "total": 7.745383699999985,
                                            "count": 1383,
                                            "is_parallel": true,
                                            "self": 5.372259200000004,
                                            "children": {
                                                "steps_from_proto": {
                                                    "total": 0.00035810000000013886,
                                                    "count": 1,
                                                    "is_parallel": true,
                                                    "self": 0.0001972000000001195,
                                                    "children": {
                                                        "_process_rank_one_or_two_observation": {
                                                            "total": 0.00016090000000001936,
                                                            "count": 2,
                                                            "is_parallel": true,
                                                            "self": 0.00016090000000001936
                                                        }
                                                    }
                                                },
                                                "UnityEnvironment.step": {
                                                    "total": 2.372766399999981,
                                                    "count": 1383,
                                                    "is_parallel": true,
                                                    "self": 0.06248509999999641,
                                                    "children": {
                                                        "UnityEnvironment._generate_step_input": {
                                                            "total": 0.05265180000001557,
                                                            "count": 1383,
                                                            "is_parallel": true,
                                                            "self": 0.05265180000001557
                                                        },
                                                        "communicator.exchange": {
                                                            "total": 2.038284299999983,
                                                            "count": 1383,
                                                            "is_parallel": true,
                                                            "self": 2.038284299999983
                                                        },
                                                        "steps_from_proto": {
                                                            "total": 0.21934519999998603,
                                                            "count": 1383,
                                                            "is_parallel": true,
                                                            "self": 0.15073130000001367,
                                                            "children": {
                                                                "_process_rank_one_or_two_observation": {
                                                                    "total": 0.06861389999997236,
                                                                    "count": 2766,
                                                                    "is_parallel": true,
                                                                    "self": 0.06861389999997236
                                                                }
                                                            }
                                                        }
                                                    }
                                                }
                                            }
                                        }
                                    }
                                }
                            }
                        }
                    }
                },
                "trainer_threads": {
                    "total": 2.8699999999659553e-05,
                    "count": 1,
                    "self": 2.8699999999659553e-05,
                    "children": {
                        "thread_root": {
                            "total": 0.0,
                            "count": 0,
                            "is_parallel": true,
                            "self": 0.0,
                            "children": {
                                "trainer_advance": {
                                    "total": 6.9574393999999815,